Unnamed: 0,Name,Number,Content
1,苍井空,MIMK-197,MIMK-197 [中文字幕] だいたいなんでもシてくれる家事代行の友梨恵さん むちっとドスケベボディのJカップ美人がシモのお世話も追加サービス JULIA
2,苍井空,MIMK-198,MIMK-198  [中文字幕] 久々のSEXチャンス到来で性衝動が未知なる暴走！限界ドスケベナース 売上1.7万部超 性欲ツヨツヨ系同人作品実写化 夢実かなえ
3,苍井空,WAAA-473,WAAA-473 [中文字幕]「もう君は生徒じゃないからね」 巨乳先生に三年間狙われていた童貞早漏の僕が卒業した瞬間3日で30発抜かれまくった…。 JULIA
4,苍井空,ABW-294,ABW-294 [中文字幕] 絶対的下から目線 おもてなし庵 可憐小町 七嶋舞 22[MGSだけのおまけ映像付き+15分]
5,苍井空,MIRD-252,MIRD-252 [中文字幕] セクシーランジェリーメーカーに入社したら男は僕ひとり朝から晩までクンニ奉仕 仕事内容:勤務中の女子社員に呼ばれたらいつでもどこでもおま●こ即なめ 久和原せいら 夢川りあ 斉藤月乃 真白みのり 福田もも 篠宮ねね
6,苍井空,SDMF-034,SDMF-034 夏の田舎で童貞の僕は年上従妹の冗談を真に受け、中出しし続けた。 桃色かぞくVOL.36 通野未帆
7,苍井空,IPZZ-445,IPZZ-445 [中文字幕] -XV- [デビュー15周年記念作品] ノンストップ！！ ザーメン15発 爆ヌキ痴女クイーン 台本ナシ！ほぼノーカット！限界突破スキル全部出し！！ 天海つばさ
8,苍井空,MUKD-503,MUKD-503 盗撮、睡眠輪●、襲撃中出しレ×プ、集団リ×チ… 狙われた新人女子マネージャー。3泊4日、悲惨すぎる地獄のトラウマ合宿。 乃々瀬あい
9,苍井空,NNPJ-559,NNPJ-559 [中文字幕] SEXしに東京まで来た女の子 責められたい願望のある津軽訛りの少女と東京観光したあと、ホテルでずっと中出し 青森在住 あい 19歳 乃々瀬あい
10,苍井空,FSDSS-503,FSDSS-503 妻の不在中、夏のド田舎はヤルことがないので生意気な巨乳連れ子と一生分ヤリまくった3日間 桃尻かなめ
11,苍井空,MKMP-503,MKMP-503 [中文字幕] ボクのことを好きすぎる後輩は脱いだら衣服の上からは想像もできない物凄いクビレ美乳！！愛されすぎて何回射精しても止めてくれない 葉風ゆりあ
12,苍井空,SSIS-560,SSIS-560 [中文字幕]「えっ！ここでするんですか？」 河北彩花に一ヶ月密着して隙あらばいきなり即ズボッ！ 前代未聞ドッキリAV大作戦
13,苍井空,SONE-168,SONE-168 [中文字幕] 激イキ191回！ 痙攣4702回！ イキ潮4100cc！ 身長172cm 9.5頭身スタイル少女 エロス覚醒 はじめての大大大・痙・攣スペシャル 小坂七香
14,苍井空,EBOD-982,EBOD-982 [中文字幕] 僕が昔から大好きな普段地味だけど実は美少女で隠れ巨乳のあずちゃんが、大嫌いなセクハラ巨漢教師の種付けプレスで快楽堕ちしてしまうだなんて… 天月あず
15,苍井空,MIRD-251,MIRD-251  [中文字幕] 舐め痴女ナース 前後左右に完全包囲ベロ串刺しノンストップトリプル舐めハーレム 美園和花 末広純 一条みお
16,苍井空,EBWH-198,EBWH-198 [中文字幕] 美容系のPR案件も来る細身巨乳キラキライ●スタグラマーお嬢様の全く映えない本気イキ連発 AVデビュー 涼風うい
17,苍井空,SONE-610,SONE-610 极度乱交高潮。让可爱又清新的新女演员高潮！ 依本しおり（依本詩織）番号作品
18,苍井空,SONE-586,SONE-586 [中文字幕] 金松季歩と人生最高の射精体験へ ULTRA VIP GRAVURE 風俗10 with 4K
19,苍井空,SONE-521,SONE-521 出差途中，意外与中年上司同住一间房……前F罩杯偶像办公室女士，被持续到凌晨的激烈SEX打得措手不及 金松季歩
20,苍井空,SONE-305,SONE-305 グラビア芸能人 解禁 進撃の4本番 金松季歩
21,苍井空,JUR-249,JUR-249 [中文字幕] 町内キャンプNTR テントの中でまわされた妻の衝撃的寝取られ映像 美ノ嶋めぐり
22,苍井空,JUR-262,JUR-262 [中文字幕] 寝取らせ串刺し輪● 愛する妻を深奥まで犯し尽くして下さい―。 朝日りお
23,苍井空,JUR-029,JUR-029 [中文字幕] 隠れ巨乳で噂になった元芸能人 紗弥佳 36歳 AV解禁 脱いだら物凄いIカップ顔出しNGデビュー
24,苍井空,DASS-611,DASS-611 [中文字幕] ロードバイクで鍛え抜かれたデカ尻膣オナホでハイケイデンス騎乗位痴女イカせSP 七瀬アリス
25,苍井空,START-271,START-271 [中文字幕] 男勝りな大学寮母は工業大生たちの実技試験の練習台として毎日乳首いじりされチクイキしている。開発され続け大きく成長したデカ乳頭。 青空ひかり
26,苍井空,IPZZ-502,IPZZ-502 [中文字幕] 精子ぶりゅぶりゅ中出し大乱交ノーカットSP 総勢16名20発オーバーの大ザーメン祭り！ 桜空もも
27,苍井空,NACR-920,NACR-920 [中文字幕] 寝取られビデオレター 他人に抱かれる私を見て下さい 藤原真帆
28,苍井空,MEYD-972,MEYD-972 [中文字幕] クンニで舐めまわし、乳首を責め立て、接吻で舌を絡ませる 熟練オヤジのねっとり前戯に堕ちた背徳妻の近親相姦 佐久間れみ
29,苍井空,LUCY-007,LUCY-007 [中文字幕] 誰にも言えない隣の人妻の自宅開業エステの秘密 姫咲はな
30,苍井空,ALDN-427,ALDN-427 [中文字幕] かぁさんと呼ばせて… 白木優子
31,苍井空,ALDN-430,ALDN-430 [中文字幕] お前の嫁って最高だな 橘内ひなた
32,苍井空,SSIS-888,SSIS-888 [中文字幕] 交わる体液、濃密セックス 完全ノーカットスペシャル 本郷愛
33,苍井空,FSDSS-551,FSDSS-551 乳マニアな中年整体師の執拗な乳首イジリで恥ずかしいほどイカされ続けた箱入り娘 本郷愛
34,苍井空,FSDSS-518,FSDSS-518 彼氏よりデカい店長チ○ポが気になりすぎて毎日バイト先で粘着おねだりSEX 本郷愛
35,苍井空,SSIS-963,SSIS-963 本郷愛と人生最高の射精体験へ ULTRA VIP風俗10 with 4K
36,苍井空,SONE-273,SONE-273 [中文字幕]「えっ！ここでヤルの？」 マルチに活躍する本郷愛のプライベートに完全密着して隙あらばいきなり即ズボッ！前代未聞ドッキリAV大作戦
37,苍井空,SSIS-996,SSIS-996 [中文字幕] 彼女が不在の2日間、海外帰りの彼女の姉のえぐい腰使い誘惑されて何度も何度も射精を繰り返した…。 本郷愛
38,苍井空,FSDSS-534,FSDSS-534 [中文字幕] 地味巨乳女子大生が童貞彼氏を上回る性欲で絶倫巨乳お姉さんに’性長’した記録。 本郷愛
39,苍井空,JRZE-233,JRZE-233 [中文字幕] 初撮り人妻ドキュメント 東ふうか
40,苍井空,MUDR-299,MUDR-299 [中文字幕]「おにいちゃん大好き」 なんでも言うこと聞いてくれる全肯定あまロリ妹ちゃんとイチャイチャおねだりセックス三昧！ 倉本すみれ
41,苍井空,ROE-328,ROE-328 [中文字幕] 桐岡さつき 奇跡のカムバック！！第2弾は王道中出しドラマ！！ 母と僕の妊活中出し性交―他人だと知った僕たちは夢中で種付けに溺れた―
42,苍井空,ROE-335,ROE-335 [中文字幕] オナ禁して狂い始めた俺を見かねて…。 母親が隙を見ては搾精してきます。 瀬尾礼子
43,苍井空,ROE-336,ROE-336 [中文字幕] 最愛の母と飲み交わした一夜。酒と潮吹きに溺れて大人になった僕。 岡江凛
44,苍井空,JUR-033,JUR-033 [中文字幕] 慰安旅行NTR ～性欲を持て余した会社の上司どもに妻が輪●された…～ 椎名ゆな
45,苍井空,NSFS-361,NSFS-361 [中文字幕] 寝取られの館11 ～ダッチワイフにされた妻～ 幾野まち
46,苍井空,AVSA-364,AVSA-364 [中文字幕] 性を吹き込み完璧美女を具現化した男の欲にまみれたセックスの日々 ～何度もドールに精液を注ぎ込み続けた執念の奇跡～ 波多野結衣
47,苍井空,BIJN-270,BIJN-270 [中文字幕] THE ドキュメント 本能丸出しでする絶頂SEX 性欲が強いスケベなむっつり妻が精子まみれ乱交中出しイキ狂う 神村さつき
48,苍井空,MIDV-604,MIDV-604 [中文字幕] 新人 夢はアイドル衣装デザイナー専属鈴音まゆAVデビュー 昭和顔の9頭身 超敏感スレンダー現役女子大生
49,苍井空,MIDV-604,[4KUHD] MIDV-604 新人 夢はアイドル衣装デザイナー専属鈴音まゆAVデビュー 昭和顔の9頭身 超敏感スレンダー現役女子大生
50,苍井空,MIDA-063,MIDA-063 让你高潮。石川美绪的脸是焦点。成为令人上瘾体验的倒计时射精管理。双耳耳语淫语 ASMR？零距离公鸡检查：
51,苍井空,START-193,START-193  [中文字幕] はじめてのドクハラ健康診断 変態医師のスケベ検診に悔しくもガクガク声我慢イキするOL 神木麗（24）
52,苍井空,SONE-238,SONE-238 [中文字幕] 10代の私の誘惑に負けるオヤジ教師キモいって思いながらセックスしていました。 小坂七香
53,苍井空,WAAA-489,WAAA-489 [中文字幕]「先生、エッチな事してイイから泊めて」 家出した教え子のスレンダー美脚に溺れて何度も背徳中出し精子が枯れ果てた夏休み 小坂七香
54,苍井空,MVSD-631,MVSD-631 [中文字幕] 人妻自宅サロン 底辺クズ隣人の汚らわしいデカマラに堕ちた若妻エステティシャン 小坂七香
55,苍井空,JUR-197,JUR-197 [中文字幕] ハプニングバー人妻NTR 「あなたのためよ…」と言っていた妻がいつしか群がる男たちに夢中になっていた。 愛弓りょう
56,苍井空,SONE-647,SONE-647 [中文字幕] 公然わいせつ級Kカップ秘書を我慢できずにメチャクチャ痴●してやったら…彼氏よりも俺のテクの虜に。 神楽ももか
57,苍井空,DLDSS-390,DLDSS-390 [中文字幕] 謝罪NTR 夫の罪を償う為に肉体を捧げた身代わり人妻 美乃すずめ
58,苍井空,FSDSS-984,FSDSS-984 [中文字幕] 家庭内NTR 旦那の在宅中に家の死角でヤられる興奮に背徳悶えイキで圧倒的敗北した人妻 天使もえ
59,苍井空,ACHJ-057,ACHJ-057 [中文字幕] 時には勝手に痴女りたい…。Madonna専属 究極美熟女『めぐり』お貸ししますー。
60,苍井空,CAWD-797,CAWD-797 [中文字幕] 隣人のゴミ部屋で異臭中年おやじにデカ乳揉みじゃくられ乳首びんびん抜かずの連撃中出し52発で孕まされた真面目な新卒OL 羽月乃蒼
61,苍井空,EBWH-188,EBWH-188 [中文字幕] 従順な年下彼氏君に貞操帯を付けて1ヶ月禁欲させたら性欲モンスターに！？ 立場逆転のイチャラブ絶倫ピストンにず～っとイカされ続けた私… 七瀬アリス
62,苍井空,PPPE-306,PPPE-306  [中文字幕] 彼女のお姉さんは巨乳と中出しOKで僕を誘惑 小野坂ゆいか
63,苍井空,HMN-673,HMN-673 [中文字幕] ギリギリおち○こかすめる鼠径部マッサージと五感を刺激する囁き誘惑Gcupセラピストの秘密の裏オプ中出し爆ヌキ20発メンズエステ 五日市芽依
64,苍井空,HMN-668,HMN-668 [中文字幕] ザ?不倫調査 不倫する妻に旦那ブチギレ！ 衝撃！浮気SEX現場に突撃し 夫が妻を寝取り返して即中出し！！ 静河さん（仮）
65,苍井空,CAWD-824,CAWD-824 [中文字幕] SNSバズリFile02 プロ野球中継で本当にカメラに抜かれたG●美少女 某球団の熱狂的ファンで野球デートしたらそのままSEXしてAV発売しちゃった。しかも感度高くてイキ潮吹いちゃってめちゃくちゃ原石だった件…。
66,苍井空,NPJS-163,NPJS-163 [中文字幕] 悪徳メンエス店長の芋づる式懲らしめ動画 本番強要されたとインフルエンサーにタレコミして飛んだあかり、アウト。 皆瀬あかり
67,苍井空,GENU-018,GENU-018 [中文字幕] Wセレブ妻 抑えられない衝動、性欲 ～ママ活アプリで出会った年下男と不貞中出しセックスに溺れた日々～ 百永さりな 黒木奈美
68,苍井空,HODV-21946,HODV-21946 [中文字幕] 親に言えない秘密のボランティア活動 性欲にまみれた変態おじさんに性調教されてます 白石なぎさ
69,苍井空,GNI-002,GNI-002 新人 プレステージ専属デビュー グラビアからAVへ。元グラドル「瀧本雫葉」セックス解禁。
70,苍井空,SONE-240,SONE-240 超大型新人の、ホテル濃密性交。 白上咲花
71,苍井空,MIAB-399,MIAB-399 [中文字幕] 引きこもり自立支援を始めた妻が強靭下半身の元アスリート選手に寝取られてしまった… 波多野結衣
72,苍井空,PRED-743,PRED-743 [中文字幕] ムレ蒸れパンストで誘惑してくる長身家庭教師お姉さんの美脚ホールド＆ガニ股騎乗位で20発射精も痴女られる夏期講習 白峰ミウ
73,苍井空,ACHJ-060,ACHJ-060 [中文字幕] 超’攻撃的’痴女×完全主観×バイノーラル 専属イイオンナが見下し主観で極限まで淫語責めする M男専用?絶頂支配オナニーコントロールJOI 愛弓りょう
74,苍井空,SONE-081,SONE-081  [中文字幕]「ウチになら泊まっていいわよ」終電なくなりデキる美人社長の自宅に…無防備Jカップ部屋着のギャップに興奮した僕はSEX交渉ゴリ押しで朝までハメ続けた。 凪ひかる
75,苍井空,SONE-097,SONE-097 [中文字幕] 大屈辱ネトラレトラウマレベルで嫌いな元彼に媚薬飲まされキモいSEXで何十回もイカされる私 凪ひかる
76,苍井空,WAAA-423,WAAA-423 [中文字幕] 嫌いな義父に夜●いされて… 美咲かんな
77,苍井空,MIDV-752,MIDV-752 [中文字幕] あのエロ動画の声が愛するみあだったなんて… ボクカノがマイクロビキニ撮影と称した無許可撮影で オタク男のデカチン絶倫ピストンにイキ狂い寝取られ鬱勃起 違法エロ動画NTR 七沢みあ
78,苍井空,MIDV-593,MIDV-593 [中文字幕][おはよう顔面騎乗][おやすみカニばさみ]おま●こ舐めさせ小悪魔痴女みあちゃんと貪欲クンニ生活10日間 七沢みあ
79,苍井空,MIDA-046,MIDA-046  [中文字幕] お兄ちゃん、みあのおま〇こくぱぁ見て 無垢なフリしてぷにマン見せつけ義妹の囁きドアップヴァギナ誘惑が超ヤバい！ 七沢みあ
80,苍井空,MIDV-615,MIDV-615 僕を見下すナマイキな姉を卑猥なコスで恥イキさせて分からせた！ 神宮寺ナオ
81,苍井空,MIDV-288,MIDV-288 [中文字幕]「結婚前に中出しSEXしましょ」 誘惑囁き淫語で人生を破滅させるウエディングプランナー 神宮寺ナオ
82,苍井空,MIDV-435,MIDV-435 [中文字幕] 右手がとまらないチンこきナースが優しく寸止め囁き淫語！恥JOI射精管理クリニック ［主観バイノーラルASMR仕様］ 神宮寺ナオ
83,苍井空,URE-098,URE-098 [中文字幕] 元騎士団長 巨乳人妻、卑劣な敵 戦場は寝床 神宮寺ナオ
84,苍井空,JUQ-150,JUQ-150 [中文字幕] 夫不在の5日間、初夜まで禁欲を命じられた私は性豪義父に身も心も調教されてしまった―。 望まない政略結婚、義父の狙いはワタシでした…。 神宮寺ナオ
85,苍井空,JUQ-272,JUQ-272 浮気した俺を軽蔑した目で咎める妻の妹を「もう無理」と言うまでイカせ続けた。 神宮寺ナオ
86,苍井空,JUQ-150,JUQ-150 夫不在の5日間、初夜まで禁欲を命じられた私は性豪義父に身も心も調教されてしまった―。 望まない政略結婚、義父の狙いはワタシでした…。 神宮寺ナオ
87,苍井空,MIDV-251,MIDV-251 先生のフェラ、彼女のよりヤバいの教えてアゲル-彼女がいる生徒に追撃連射フェラチオ女教師- 神宮寺ナオ
88,苍井空,MIDV-212,MIDV-212 [中文字幕] 女神のベロキスで涎ダラダラ密着！ 唾液まみれ連射中出しキスキス風俗フルコース 神宮寺ナオ
89,苍井空,MIDV-288,MIDV-288 「結婚前に中出しSEXしましょ」 誘惑囁き淫語で人生を破滅させるウエディングプランナー 神宮寺ナオ
90,苍井空,SONE-604,SONE-604小时候我被交给叔叔照顾，他舔我的身体并发生性感的关系 白上咲花(しらかみえみか)番号作品
91,苍井空,START-276-V,START-276-V [中文字幕] 小湊よつ葉×星乃莉子 SODstarビンカン体質2トップが初共演 レズ解禁 W中出し 禁欲明けの性欲解放チートデイ [特典版]
92,苍井空,SONE-639,SONE-639 继父性欲旺盛，把我误认为我妈妈，炫耀他那令人印象深刻的大公鸡. 楓富愛 (楓ふうあ)番号作品
93,苍井空,MIDV-494,MIDV-494 [中文字幕] ドラレコ寝取られ映像 欲求不満パート妻と男子大学生の消し忘れ密会 神宮寺ナオ
94,苍井空,JUR-186,JUR-186 [中文字幕]「人生最後の勃起かもしれないんだ、一瞬だけでイイから挿れさせて！！」 勃起不全になった義父に同情して混浴したらまさかのフル勃起、相性抜群過ぎて馬乗り騎乗位で何度も生ハメ狂ってしまった私。 神宮寺ナオ
95,苍井空,NPJS-142,NPJS-142 [中文字幕] 愛の営みを配信して5億稼いだ！？あの、カップルポ●ノ●バーエロ動画流出まとめ16コンテンツ エロエロショート動画16本詰め合わせ！！ 小野坂ゆいか
96,苍井空,NPJS-166,NPJS-166 [中文字幕] 当時付き合っていた彼女のすっぴん、裸、SEX、全部晒して勝手に流出 夜、宅飲みから始まって朝1限サボってセックスするだけの大学生実録。狭くて壁が薄いワンルームでノーブラ彼女に性欲だけ求める大学生活。 逢月ひまり
97,苍井空,CAWD-811,CAWD-811 [中文字幕] 執拗で不気味で雰囲気に呑まれてパイズリしてあげたら… 裸画像で脅迫されてオナホ代わりにおっぱいとおま●こ使われ続けた言いなり巨乳ナース 桃瀬ひまり
98,苍井空,CAWD-816,CAWD-816 [中文字幕] 趣味バイク 彼氏いらない セフレ4人 サバサバして男勝りだけど脱いだらエッロい肉感BODY チ●ポに跨りたくてAV出演志願 小倉かずは
99,苍井空,WAAA-486,WAAA-486 [中文字幕] 嫌いな義父に夜●いされて… 静河
